{
  "trained_columns": [
    "CL=F",
    "GC=F",
    "HINDALCO.NS",
    "INR=X",
    "RELIANCE.NS",
    "SAIL.NS",
    "^BSESN_RSI",
    "^BSESN_Returns",
    "^BSESN_Volatility",
    "RELIANCE.NS_RSI",
    "RELIANCE.NS_Returns",
    "RELIANCE.NS_Volatility",
    "HINDALCO.NS_RSI",
    "HINDALCO.NS_Returns",
    "HINDALCO.NS_Volatility",
    "JSWSTEEL.NS_RSI",
    "JSWSTEEL.NS_Returns",
    "JSWSTEEL.NS_Volatility",
    "INR=X_RSI",
    "INR=X_Returns",
    "INR=X_Volatility",
    "SAIL.NS_RSI",
    "SAIL.NS_Returns",
    "SAIL.NS_Volatility",
    "CL=F_RSI",
    "CL=F_Returns",
    "CL=F_Volatility",
    "TATASTEEL.NS_RSI",
    "TATASTEEL.NS_Returns",
    "TATASTEEL.NS_Volatility",
    "GC=F_RSI",
    "GC=F_Returns",
    "GC=F_Volatility",
    "TCS.NS_RSI",
    "TCS.NS_Returns",
    "TCS.NS_Volatility",
    "Return_Lag_1",
    "Return_Lag_2",
    "Return_Lag_3",
    "Return_Lag_5",
    "Return_Lag_10",
    "Return_Mean_5",
    "Return_Std_5",
    "Return_Mean_10",
    "Return_Std_10",
    "Return_Mean_20",
    "Day_of_Week",
    "Month"
  ],
  "strategy_params": {
    "ensemble_weights": {
      "lstm": 0.3,
      "rf": 0.35,
      "xgb": 0.35
    },
    "confidence_threshold": 0.003,
    "min_confidence": 0.3,
    "max_position_size": 0.05,
    "risk_free_rate": 0.065,
    "max_correlation_threshold": 0.95
  },
  "feature_importance": {
    "rf": {
      "CL=F": 0.01614910400172051,
      "GC=F": 0.015603878742504521,
      "HINDALCO.NS": 0.04691313638198951,
      "INR=X": 0.012917171451679305,
      "RELIANCE.NS": 0.014182675903839467,
      "SAIL.NS": 0.020687636244293983,
      "^BSESN_RSI": 0.044595141325537144,
      "^BSESN_Returns": 0.035424663528224966,
      "^BSESN_Volatility": 0.009367553064232415,
      "RELIANCE.NS_RSI": 0.03368890324604331,
      "RELIANCE.NS_Returns": 0.014998802060702194,
      "RELIANCE.NS_Volatility": 0.01383741877192585,
      "HINDALCO.NS_RSI": 0.02293103062075162,
      "HINDALCO.NS_Returns": 0.012473816210014557,
      "HINDALCO.NS_Volatility": 0.011541006356187497,
      "JSWSTEEL.NS_RSI": 0.021850465853107383,
      "JSWSTEEL.NS_Returns": 0.022002392225117608,
      "JSWSTEEL.NS_Volatility": 0.02215163664586694,
      "INR=X_RSI": 0.016821467744453398,
      "INR=X_Returns": 0.025166103737448448,
      "INR=X_Volatility": 0.01310302510644688,
      "SAIL.NS_RSI": 0.017619113054579204,
      "SAIL.NS_Returns": 0.02071596741916508,
      "SAIL.NS_Volatility": 0.012976780103429212,
      "CL=F_RSI": 0.024738346525982603,
      "CL=F_Returns": 0.034136016185311605,
      "CL=F_Volatility": 0.007946902573480907,
      "TATASTEEL.NS_RSI": 0.011692443899938149,
      "TATASTEEL.NS_Returns": 0.02156535036473808,
      "TATASTEEL.NS_Volatility": 0.007961778167763122,
      "GC=F_RSI": 0.016665370338745936,
      "GC=F_Returns": 0.03140725550022492,
      "GC=F_Volatility": 0.013033948403207742,
      "TCS.NS_RSI": 0.031158102068354558,
      "TCS.NS_Returns": 0.030789508248438124,
      "TCS.NS_Volatility": 0.008429575018159406,
      "Return_Lag_1": 0.020487733358300914,
      "Return_Lag_2": 0.019559613860025738,
      "Return_Lag_3": 0.027863918184990105,
      "Return_Lag_5": 0.03679435970703116,
      "Return_Lag_10": 0.024166368072853654,
      "Return_Mean_5": 0.029598332307108566,
      "Return_Std_5": 0.013529422995525217,
      "Return_Mean_10": 0.038735392951758325,
      "Return_Std_10": 0.012891058233487343,
      "Return_Mean_20": 0.028019123388728178,
      "Day_of_Week": 0.006323224216103842,
      "Month": 0.004787965630480865
    }
  },
  "trained_date": "2025-07-29T22:17:31.720881"
}